name;description;created_at;updated_at;deleted_at
GRUPO MILHAO                  ;      ;25/1/24 19:47;        ;        
GRUPO MILI                    ;      ;25/1/24 19:47;        ;        
GRUPO MINALBA                 ;      ;25/1/24 19:47;        ;        
GRUPO MINASPLUS TEXTIL        ;      ;25/1/24 19:47;        ;        
GRUPO MINERACAO VULCANO       ;      ;25/1/24 19:47;        ;        
GRUPO MMC ADMIN E INCO        ;      ;25/1/24 19:47;        ;        
GRUPO MOBLY COMERCIO VAREJISTA;      ;25/1/24 19:47;        ;        
GRUPO MONDIAL                 ;      ;25/1/24 19:47;        ;        
GRUPO MSI INCORPORADORA       ;      ;25/1/24 19:47;        ;        
GRUPO MTV TRANSPORTES E LOGIST;      ;25/1/24 19:47;        ;        
GRUPO N MINAS TRANSPORTES     ;      ;25/1/24 19:47;        ;        
GRUPO NACIONAL GAS BUTANO     ;      ;25/1/24 19:47;        ;        
GRUPO NACIONAL TUBOS          ;      ;25/1/24 19:47;        ;        
GRUPO NATURAL ONE             ;      ;25/1/24 19:47;        ;        
GRUPO NELSON HEUSI LOGISTICA  ;      ;25/1/24 19:47;        ;        
GRUPO NEOPRIME EMP E INCORP   ;      ;25/1/24 19:47;        ;        
GRUPO NEOVIA                  ;      ;25/1/24 19:47;        ;        
GRUPO NILSON SEGURO TRANSPORTE;      ;25/1/24 19:47;        ;        
GRUPO NILZA VIEIRA DE PAULA SA;      ;25/1/24 19:47;        ;        
GRUPO NITEROIENSE             ;      ;25/1/24 19:47;        ;        
GRUPO NORT STAR CORREIA MATERI;      ;25/1/24 19:47;        ;        
GRUPO NORTENE PLASTICOS       ;      ;25/1/24 19:47;        ;        
GRUPO NOVAFORMA PLASTICOS     ;      ;25/1/24 19:47;        ;        
GRUPO O L INDUSTRIA DE PAPEIS ;      ;25/1/24 19:47;        ;        
GRUPO OJI PAPEIS              ;      ;25/1/24 19:47;        ;        
GRUPO OLM TRANSPORTE          ;      ;25/1/24 19:47;        ;        
GRUPO OMEGA                   ;      ;25/1/24 19:47;        ;        
GRUPO OZZY CONSTRUTORA E INCOR;      ;25/1/24 19:47;        ;        
GRUPO OZZY EMPREEND IMOB SPE  ;      ;25/1/24 19:47;        ;        
GRUPO P E W IGARAPE TRANSPORTE;      ;25/1/24 19:47;        ;        
GRUPO P J DE MATOS TRANSPORTES;      ;25/1/24 19:47;        ;        
GRUPO P&G                     ;      ;25/1/24 19:47;        ;        
GRUPO P. PEIXOTO PENA COMERCIO;      ;25/1/24 19:47;        ;        
GRUPO P.H.C. LOG TRANSPORTES  ;      ;25/1/24 19:47;        ;        
GRUPO PACER LOGISTICA         ;      ;25/1/24 19:47;        ;        
GRUPO PACHECO CLORO & PISCINAS;      ;25/1/24 19:47;        ;        
GRUPO PADO EMP IMOB           ;      ;25/1/24 19:47;        ;        
GRUPO PANDURATA               ;      ;25/1/24 19:47;        ;        
GRUPO PARADISO GIOVANELLA TRAN;      ;25/1/24 19:47;        ;        
GRUPO PARAISO DO CONSTRUTOR   ;      ;25/1/24 19:47;        ;        
GRUPO PASS E EMP IMOB         ;      ;25/1/24 19:47;        ;        
GRUPO PASSOS GOUVEA & CIA     ;      ;25/1/24 19:47;        ;        
GRUPO PAULA E RAYANNE MAT CONS;      ;25/1/24 19:47;        ;        
GRUPO PAULO MADEIREIRA & MAT D;      ;25/1/24 19:47;        ;        
GRUPO PAX TECNOLOGIA          ;      ;25/1/24 19:47;        ;        
GRUPO PC CONSTRUTORA          ;      ;25/1/24 19:47;        ;        
GRUPO PENHA PAPEIS E EMBALAGEN;      ;25/1/24 19:47;        ;        
GRUPO PEREIRA E PESSANHA      ;      ;25/1/24 19:47;        ;        
GRUPO PEREIRA MAT CONSTR DE VA;      ;25/1/24 19:47;        ;        
GRUPO PERFIPAR SA MANUF. S DE ;      ;25/1/24 19:47;        ;        
GRUPO PETROFISA DO BRASIL     ;      ;25/1/24 19:47;        ;        
GRUPO PIETRO BIAZI TRANSPORTES;      ;25/1/24 19:47;        ;        
GRUPO PLACAS DO BRASIL        ;      ;25/1/24 19:47;        ;        
GRUPO PLACO DO BRASIL         ;      ;25/1/24 19:47;        ;        
GRUPO PLASTICOS NOVEL         ;      ;25/1/24 19:47;        ;        
GRUPO POLIMODALLOG LOGISTICA E;      ;25/1/24 19:47;        ;        
GRUPO POLISOPRO               ;      ;25/1/24 19:47;        ;        
GRUPO POLPAS MR               ;      ;25/1/24 19:47;        ;        
GRUPO POLYEXCEL               ;      ;25/1/24 19:47;        ;        
GRUPO PORTES DESIGN EIRELI    ;      ;25/1/24 19:47;        ;        
GRUPO PORTO CALI EMPREENDIMENT;      ;25/1/24 19:47;        ;        
GRUPO POTIGUAR RACOES         ;      ;25/1/24 19:47;        ;        
GRUPO PREMOLDADOS PORTO MAGALH;      ;25/1/24 19:47;        ;        
GRUPO PRIMEPET DISTRIBUIDORA  ;      ;25/1/24 19:47;        ;        
GRUPO PRIMOS DEPOSITO LTDA    ;      ;25/1/24 19:47;        ;        
GRUPO PROCAED EMP. IMOBILIARIO;      ;25/1/24 19:47;        ;        
GRUPO PROJEART                ;      ;25/1/24 19:47;        ;        
GRUPO PROLINCON EMPREITEIRA   ;      ;25/1/24 19:47;        ;        
GRUPO QUALY SUCATA            ;      ;25/1/24 19:47;        ;        
GRUPO R M MATERIAIS DE CONSTRU;      ;25/1/24 19:47;        ;        
GRUPO RAPIDO RESENDE          ;      ;25/1/24 19:47;        ;        
GRUPO RAQUEL FERREIRA DA MOTA ;      ;25/1/24 19:47;        ;        
GRUPO RBI COMERCIO            ;      ;25/1/24 19:47;        ;        
GRUPO RCR                     ;      ;25/1/24 19:47;        ;        
GRUPO REGIANE MAGALHAES DE OLI;      ;25/1/24 19:47;        ;        
GRUPO RIP SERVICOS INDUSTRIAIS;      ;25/1/24 19:47;        ;        
GRUPO RIZOMA                  ;      ;25/1/24 19:47;        ;        
GRUPO RLR TRANSPORTES         ;      ;25/1/24 19:47;        ;        
GRUPO RODOANEL TRANSPORTES    ;      ;25/1/24 19:47;        ;        
GRUPO RODOFORTE TRANSPORTES LT;      ;25/1/24 19:47;        ;        
GRUPO RODOFROTA               ;      ;25/1/24 19:47;        ;        
GRUPO RODORRICA               ;      ;25/1/24 19:47;        ;        
GRUPO RODRIGUES BARBOSA & CIA ;      ;25/1/24 19:47;        ;        
GRUPO ROGAI MAT CONSTR        ;      ;25/1/24 19:47;        ;        
GRUPO RT MULTI SERVICE        ;      ;25/1/24 19:47;        ;        
GRUPO RT043 MINERACAO         ;      ;25/1/24 19:47;        ;        
GRUPO S & A TRANSPORTES       ;      ;25/1/24 19:47;        ;        
GRUPO SAFRA CONSTR            ;      ;25/1/24 19:47;        ;        
GRUPO SAFRA SUBLIME           ;      ;25/1/24 19:47;        ;        
GRUPO SAFRA VETERINARIOS      ;      ;25/1/24 19:47;        ;        
GRUPO SAFRAS ARMAZENS         ;      ;25/1/24 19:47;        ;        
GRUPO SAGA                    ;      ;25/1/24 19:47;        ;        
GRUPO SAINT GOBAIN            ;      ;25/1/24 19:47;        ;        
GRUPO SANDENE                 ;      ;25/1/24 19:47;        ;        
GRUPO SBAMTUBOS               ;      ;25/1/24 19:47;        ;        
GRUPO SEA TRANSPORTES         ;      ;25/1/24 19:47;        ;        
GRUPO SEARA                   ;      ;25/1/24 19:47;        ;        
GRUPO SEBASTIAO FERNANDES     ;      ;25/1/24 19:47;        ;        
GRUPO SENDAS                  ;      ;25/1/24 19:47;        ;        
GRUPO SEQTRA ENGENHARIA       ;      ;25/1/24 19:47;        ;        
GRUPO SERVICO AUT.AGUA ESG. BE;      ;25/1/24 19:47;        ;        
GRUPO SHOPPING DA CONSTRUCAO  ;      ;25/1/24 19:47;        ;        
GRUPO SIDERQUIMICA            ;      ;25/1/24 19:47;        ;        
GRUPO SILLAW                  ;      ;25/1/24 19:47;        ;        
GRUPO SILVANA MENDES DOS SANTO;      ;25/1/24 19:47;        ;        
GRUPO SILVANO                 ;      ;25/1/24 19:47;        ;        
GRUPO SOLAR COM MAT DE CONST  ;      ;25/1/24 19:47;        ;        
GRUPO SOLAR COMERCIO DE MADEIR;      ;25/1/24 19:47;        ;        
GRUPO SOLISTEEL SOLUCOES      ;      ;25/1/24 19:47;        ;        
GRUPO SOLVOCON CONSULTORIA    ;      ;25/1/24 19:47;        ;        
GRUPO SOMA LOGISTICA          ;      ;25/1/24 19:47;        ;        
GRUPO SONDA SUPERMERCADOS     ;      ;25/1/24 19:47;        ;        
GRUPO SONEGO CONSTRUCOES      ;      ;25/1/24 19:47;        ;        
GRUPO SOUSA E CRUZ            ;      ;25/1/24 19:47;        ;        
GRUPO SPALL INDUSTRIA METALURG;      ;25/1/24 19:47;        ;        
GRUPO SR CONTRUCOES E SERVICOS;      ;25/1/24 19:47;        ;        
GRUPO STE TRANSPORTES         ;      ;25/1/24 19:47;        ;        
GRUPO SUDESTE PRE FABRICADOS  ;      ;25/1/24 19:47;        ;        
GRUPO SUELITA LIMA DE MIRANDA ;      ;25/1/24 19:47;        ;        
GRUPO SUL MINEIRA             ;      ;25/1/24 19:47;        ;        
GRUPO SUNNY                   ;      ;25/1/24 19:47;        ;        
GRUPO SUNPRIME                ;      ;25/1/24 19:47;        ;        
GRUPO SUPER MERCADOS MADRID   ;      ;25/1/24 19:47;        ;        
GRUPO SUPERMERCADO BARATAO    ;      ;25/1/24 19:47;        ;        
GRUPO SUPERMERCADOS MUNDIAL   ;      ;25/1/24 19:47;        ;        
GRUPO SUPERMERCADOS YAYA      ;      ;25/1/24 19:47;        ;        
GRUPO SUZANO                  ;      ;25/1/24 19:47;        ;        
GRUPO SYLVAMO                 ;      ;25/1/24 19:47;        ;        
GRUPO TANGARA                 ;      ;25/1/24 19:47;        ;        
GRUPO TAS ATACADISTA DE ALIMEN;      ;25/1/24 19:47;        ;        
GRUPO TECNOVA                 ;      ;25/1/24 19:47;        ;        
GRUPO TECNOVA ENGENHARIA      ;      ;25/1/24 19:47;        ;        
GRUPO TECNOVA ENGENHARIA E EMP;      ;25/1/24 19:47;        ;        
GRUPO TECNOVA RENOVAVEIS      ;      ;25/1/24 19:47;        ;        
GRUPO TEKSID IRON             ;      ;25/1/24 19:47;        ;        
GRUPO TEM TUDO                ;      ;25/1/24 19:47;        ;        
GRUPO TENDA                   ;      ;25/1/24 19:47;        ;        
GRUPO TEQUALY TECNICA INDUSTRI;      ;25/1/24 19:47;        ;        
GRUPO TERLOC TERMINAL LOGISTIC;      ;25/1/24 19:47;        ;        
GRUPO TERRA MINAS TERRAPLENAGE;      ;25/1/24 19:47;        ;        
GRUPO TEXSA DO BRASIL         ;      ;25/1/24 19:47;        ;        
GRUPO TG-TRANSPORTE E COMERCIO;      ;25/1/24 19:47;        ;        
GRUPO THI BOBINAS E ETIQUETAS ;      ;25/1/24 19:47;        ;        
GRUPO THV TRANSPORTES         ;      ;25/1/24 19:47;        ;        
GRUPO TIME SOLUCOES TECNOLOGIC;      ;25/1/24 19:47;        ;        
GRUPO TINTAS HIDRACOR         ;      ;25/1/24 19:47;        ;        
GRUPO TINTAS IQUINE           ;      ;25/1/24 19:47;        ;        
GRUPO TONINHO ACAB MANTENA    ;      ;25/1/24 19:47;        ;        
GRUPO TORA TRANSPORTES        ;      ;25/1/24 19:47;        ;        
GRUPO TORRETELLI IND E COM DE ;      ;25/1/24 19:47;        ;        
GRUPO TOTAL TELAS INDUSTRIA   ;      ;25/1/24 19:47;        ;        
GRUPO TRANSAGIL               ;      ;25/1/24 19:47;        ;        
GRUPO TRANSAVANTE TRANSPORTADO;      ;25/1/24 19:47;        ;        
GRUPO TRANSBIA                ;      ;25/1/24 19:47;        ;        
GRUPO TRANSCAIPORA            ;      ;25/1/24 19:47;        ;        
GRUPO TRANSCAPUXIN            ;      ;25/1/24 19:47;        ;        
GRUPO TRANSCATARINA TRANSPORTE;      ;25/1/24 19:47;        ;        
GRUPO TRANSEXCEDENTE          ;      ;25/1/24 19:47;        ;        
GRUPO TRANSFEC SERVICOS DE TRA;      ;25/1/24 19:47;        ;        
GRUPO TRANSFUTURO             ;      ;25/1/24 19:47;        ;        
GRUPO TRANS-M TRANSPORTES     ;      ;25/1/24 19:47;        ;        
GRUPO TRANSMIN TRANSPORTES LTD;      ;25/1/24 19:47;        ;        
GRUPO TRANSNIEL TRANSPORTES LT;      ;25/1/24 19:47;        ;        
GRUPO TRANSNORDESTE TRANSPORTA;      ;25/1/24 19:47;        ;        
GRUPO TRANSPAJOS              ;      ;25/1/24 19:47;        ;        
GRUPO TRANSPIAU TRANSPORTES   ;      ;25/1/24 19:47;        ;        
GRUPO TRANSPINHEIRO TRANSPORTE;      ;25/1/24 19:47;        ;        
GRUPO TRANSPIRES TRANSPORTE   ;      ;25/1/24 19:47;        ;        
GRUPO TRANSPORTADORA 7 FLEXAS ;      ;25/1/24 19:47;        ;        
GRUPO TRANSPORTADORA APARECIDA;      ;25/1/24 19:47;        ;        
GRUPO TRANSPORTADORA BRUNATO  ;      ;25/1/24 19:47;        ;        
GRUPO TRANSPORTADORA CURCIO   ;      ;25/1/24 19:47;        ;        
GRUPO TRANSPORTADORA FALCAO   ;      ;25/1/24 19:47;        ;        
GRUPO TRANSPORTADORA FIGUEIRED;      ;25/1/24 19:47;        ;        
GRUPO TRANSPORTADORA JOLIVAN  ;      ;25/1/24 19:47;        ;        
GRUPO TRANSPORTADORA REAL     ;      ;25/1/24 19:47;        ;        
GRUPO TRANSPORTE RODOVIARIO 15;      ;25/1/24 19:47;        ;        
GRUPO TRANSPORTES ALMEIDA SIMA;      ;25/1/24 19:47;        ;        
GRUPO TRANSPORTES BAGGETO     ;      ;25/1/24 19:47;        ;        
GRUPO TRANSPORTES BEBBER      ;      ;25/1/24 19:47;        ;        
GRUPO TRANSPORTES DELLA VOLPE ;      ;25/1/24 19:47;        ;        
GRUPO TRANSPORTES HENKES      ;      ;25/1/24 19:47;        ;        
GRUPO TRANSPORTES PESADOS MINA;      ;25/1/24 19:47;        ;        
GRUPO TRANSPORTES SAO GERALDO ;      ;25/1/24 19:47;        ;        
GRUPO TRANSPORTES SOUSA MINAS ;      ;25/1/24 19:47;        ;        
GRUPO TRANSPORTES SPOLIER     ;      ;25/1/24 19:47;        ;        
GRUPO TRANSPORTES TESBA       ;      ;25/1/24 19:47;        ;        
GRUPO TRANSTICO TRANSPORTES   ;      ;25/1/24 19:47;        ;        
GRUPO TRANSVIAS CONSTRUCOES   ;      ;25/1/24 19:47;        ;        
GRUPO TRANSVIAS TRANSPORTE    ;      ;25/1/24 19:47;        ;        
GRUPO TRAZ RAPIDO             ;      ;25/1/24 19:47;        ;        
GRUPO TREFILACAO DE ACOS      ;      ;25/1/24 19:47;        ;        
GRUPO TRENA - TERRAPLENAGEM   ;      ;25/1/24 19:47;        ;        
GRUPO TTR - TUCANAO TRANSPORTE;      ;25/1/24 19:47;        ;        
GRUPO TUBERFIL                ;      ;25/1/24 19:47;        ;        
GRUPO U.S.J. - ACUCAR E ALCOOL;      ;25/1/24 19:47;        ;        
GRUPO ULTRACOMERCIAL          ;      ;25/1/24 19:47;        ;        
GRUPO UNITRADING LOGISTICA    ;      ;25/1/24 19:47;        ;        
GRUPO BOSTIK                  ;      ;25/1/24 19:47;        ;        
GRUPO VALGROUP                ;      ;25/1/24 19:47;        ;        
GRUPO VALID SOLUCOES          ;      ;25/1/24 19:47;        ;        
GRUPO VB ALIMENTOS            ;      ;25/1/24 19:47;        ;        
GRUPO VENTO SUL               ;      ;25/1/24 19:47;        ;        
GRUPO VERDE 2 ENERGETICA      ;      ;25/1/24 19:47;        ;        
GRUPO VERDE FERTILIZANTES     ;      ;25/1/24 19:47;        ;        
GRUPO VERKO                   ;      ;25/1/24 19:47;        ;        
GRUPO VETORIAL MINERACAO      ;      ;25/1/24 19:47;        ;        
GRUPO VETORIAL SIDERURGIA     ;      ;25/1/24 19:47;        ;        
GRUPO VICTRANS LTDA           ;      ;25/1/24 19:47;        ;        
GRUPO VIDRACARIA URANOS       ;      ;25/1/24 19:47;        ;        
GRUPO VIENA SIDERURGICA       ;      ;25/1/24 19:47;        ;        
GRUPO VIGOR ALIMENTOS         ;      ;25/1/24 19:47;        ;        
GRUPO VILASA CONSTRUTORA      ;      ;25/1/24 19:47;        ;        
GRUPO VIRC TRANSPORTES        ;      ;25/1/24 19:47;        ;        
GRUPO VIRLAINE CORREA DA SILVA;      ;25/1/24 19:47;        ;        
GRUPO VITRAN TRANSPORTES      ;      ;25/1/24 19:47;        ;        
GRUPO VIZELPAS                ;      ;25/1/24 19:47;        ;        
GRUPO VLADENISE SOUSA         ;      ;25/1/24 19:47;        ;        
GRUPO VOTORANTIM              ;      ;25/1/24 19:47;        ;        
GRUPO WANDERLY FLAVIO MORAIS  ;      ;25/1/24 19:47;        ;        
GRUPO WEG EQUIPAMENTOS        ;      ;25/1/24 19:47;        ;        
GRUPO WESTROCK                ;      ;25/1/24 19:47;        ;        
GRUPO WILMAR MARQUES BESERRA  ;      ;25/1/24 19:47;        ;        
GRUPO WILSON DOS SANTOS DE MAC;      ;25/1/24 19:47;        ;        
GRUPO WINLOGIS GESTAO LOGISTIC;      ;25/1/24 19:47;        ;        
GRUPO WJA SERVICOS            ;      ;25/1/24 19:47;        ;        
GRUPO YARA BRASIL FERTILIZANTE;      ;25/1/24 19:47;        ;        
GRUPO YPE                     ;      ;25/1/24 19:47;        ;        
GRUPO ZALIN EMPREENDIMENTOS IM;      ;25/1/24 19:47;        ;        
GRUPO ZIRANLOG TRANSPORTES    ;      ;25/1/24 19:47;        ;        
CLIENTES SPOT                 ;      ;25/1/24 19:47;        ;        
GRUPO CITROSUCO               ;      ;25/1/24 19:47;        ;        
GRUPO BRADO                   ;      ;25/1/24 19:47;        ;        
CLIENTES PATIOS               ;      ;25/1/24 19:47;        ;        
GRUPO CITROSUCO               ;      ;25/1/24 19:47;        ;        
GRUPO ADM                     ;      ;25/1/24 19:47;        ;        
GRUPO LORD                    ;      ;25/1/24 19:47;        ;        
GRUPO CONFAB                  ;      ;25/1/24 19:47;        ;        
GRUPO MOTECH                  ;      ;25/1/24 19:47;        ;        
GRUPO DMS                     ;      ;25/1/24 19:47;        ;        
GRUPO G2L                     ;      ;25/1/24 19:47;        ;        
GRUPO P M C                   ;      ;25/1/24 19:47;        ;        
GRUPO BENTONIT                ;      ;25/1/24 19:47;        ;        
GRUPO SARTORE REFEICOES       ;      ;25/1/24 19:47;        ;        
GRUPO VITRAN                  ;      ;25/1/24 19:47;        ;        
GRUPO AAS                     ;      ;25/1/24 19:47;        ;        
GRUPO AREMINAS                ;      ;25/1/24 19:47;        ;        
GRUPO AUTOLOG                 ;      ;25/1/24 19:47;        ;        
GRUPO BUZIN TRANSPORTES E COME;      ;25/1/24 19:47;        ;        
GRUPO COTRACARGEM             ;      ;25/1/24 19:47;        ;        
GRUPO MUNARIM                 ;      ;25/1/24 19:47;        ;        
GRUPO FERTRAN TRANSPORTES LTDA;      ;25/1/24 19:47;        ;        
GRUPO H I TRANSPORTES LTDA    ;      ;25/1/24 19:47;        ;        
GRUPO GALO VEIO TRANSPORTES   ;      ;25/1/24 19:47;        ;        
GRUPO TRANSNIEL TRANSPORTES LT;      ;25/1/24 19:47;        ;        
GRUPO TRANSPORTADORA 7 FLEXAS ;      ;25/1/24 19:47;        ;        
GRUPO TRANSPORTES BAGGETO LTDA;      ;25/1/24 19:47;        ;        
GRUPO TRANSPORTES I.M LTDA    ;      ;25/1/24 19:47;        ;        
GRUPO TRANSPES                ;      ;25/1/24 19:47;        ;        
GRUPO TRANSTICO TRANSPORTES   ;      ;25/1/24 19:47;        ;        
GRUPO ATOMIZACAO METAIS OMEGA ;      ;25/1/24 19:47;        ;        
GRUPO METALURGICA CYRNE       ;      ;25/1/24 19:47;        ;        
GRUPO ENGEFLEX                ;      ;25/1/24 19:47;        ;        
GRUPO J A DE SOUSA            ;      ;25/1/24 19:47;        ;        
GRUPO MILAD LOGISTICA         ;      ;25/1/24 19:47;        ;        
GRUPO RUDA CONSTRUCOES        ;      ;25/1/24 19:47;        ;        
GRUPO NOVELIS                 ;      ;25/1/24 19:47;        ;        
GRUPO IBAR                    ;      ;25/1/24 19:47;        ;        
GRUPO MAGNESITA               ;      ;25/1/24 19:47;        ;        
GRUPO CAMM                    ;      ;25/1/24 19:47;        ;        
GRUPO GERDAU                  ;      ;25/1/24 19:47;        ;        
GRUPO FEMSA                   ;      ;25/1/24 19:47;        ;        
GRUPO A ADALTO DE OLIVEIRA    ;      ;25/1/24 19:47;        ;        
GRUPO A. M. DE MENESES        ;      ;25/1/24 19:47;        ;        
GRUPO A.P. LIMA TRANSP E LOGIS;      ;25/1/24 19:47;        ;        
GRUPO AAK                     ;      ;25/1/24 19:47;        ;        
GRUPO AAS SOLUCOES            ;      ;25/1/24 19:47;        ;        
GRUPO ACCORD TRANSPORTES      ;      ;25/1/24 19:47;        ;        
GRUPO ACO CEARENSE            ;      ;25/1/24 19:47;        ;        
GRUPO ACOMAC                  ;      ;25/1/24 19:47;        ;        
GRUPO ACOS FAVORIT            ;      ;25/1/24 19:47;        ;        
GRUPO ACOTESS                 ;      ;25/1/24 19:47;        ;        
GRUPO ACOVISA                 ;      ;25/1/24 19:47;        ;        
GRUPO ACUMULADORES MOURA      ;      ;25/1/24 19:47;        ;        
GRUPO ADIMAX                  ;      ;25/1/24 19:47;        ;        
GRUPO ADNILSON                ;      ;25/1/24 19:47;        ;        
GRUPO ADRAM                   ;      ;25/1/24 19:47;        ;        
GRUPO ADRIANA HELENA MARTINS R;      ;25/1/24 19:47;        ;        
GRUPO ADRIANO GARCIA          ;      ;25/1/24 19:47;        ;        
GRUPO AGA  PREGOS E ARAMES    ;      ;25/1/24 19:47;        ;        
GRUPO AGA MOVEIS              ;      ;25/1/24 19:47;        ;        
GRUPO AGROMELO                ;      ;25/1/24 19:47;        ;        
GRUPO AGROPECUARIA MARATA     ;      ;25/1/24 19:47;        ;        
GRUPO AGUIA SISTEMAS          ;      ;25/1/24 19:47;        ;        
GRUPO ALCAST                  ;      ;25/1/24 19:47;        ;        
GRUPO ALCOA                   ;      ;25/1/24 19:47;        ;        
GRUPO ALVES & SILVA           ;      ;25/1/24 19:47;        ;        
GRUPO AMANCO                  ;      ;25/1/24 19:47;        ;        
GRUPO AMBEV                   ;      ;25/1/24 19:47;        ;        
GRUPO AMPLA                   ;      ;25/1/24 19:47;        ;        
GRUPO ANDRADE E FERNANDES     ;      ;25/1/24 19:47;        ;        
GRUPO ANR TRANSPORTES         ;      ;25/1/24 19:47;        ;        
GRUPO ANTONIO MATEUS COSTA OLI;      ;25/1/24 19:47;        ;        
GRUPO APERAM INOX             ;      ;25/1/24 19:47;        ;        
GRUPO APOLO TUBULARS          ;      ;25/1/24 19:47;        ;        
GRUPO AREMINAS                ;      ;25/1/24 19:47;        ;        
GRUPO ARNO                    ;      ;25/1/24 19:47;        ;        
GRUPO ARRUDA COMERCIO         ;      ;25/1/24 19:47;        ;        
GRUPO ARTUR SILVEIRIO NETO    ;      ;25/1/24 19:47;        ;        
GRUPO ASA                     ;      ;25/1/24 19:47;        ;        
GRUPO ATACADAO                ;      ;25/1/24 19:47;        ;        
GRUPO ATACADAO APUI           ;      ;25/1/24 19:47;        ;        
GRUPO ATACADAO CENTRO SUL     ;      ;25/1/24 19:47;        ;        
GRUPO ATACADAO COMERCIO DE GEN;      ;25/1/24 19:47;        ;        
GRUPO ATACADAO DA AREIA       ;      ;25/1/24 19:47;        ;        
GRUPO ATACADAO DAS TELAS      ;      ;25/1/24 19:47;        ;        
GRUPO ATACADAO DE ALIMENTOS   ;      ;25/1/24 19:47;        ;        
GRUPO ATACADAO DIA A DIA      ;      ;25/1/24 19:47;        ;        
GRUPO ATACADAO DO ACO DE VALEN;      ;25/1/24 19:47;        ;        
GRUPO ATACADAO DO CIMENTO     ;      ;25/1/24 19:47;        ;        
GRUPO ATACADAO DO FERRO       ;      ;25/1/24 19:47;        ;        
GRUPO ATACADAO DO FERRO INDUST;      ;25/1/24 19:47;        ;        
GRUPO ATACADAO ECONOMICO      ;      ;25/1/24 19:47;        ;        
GRUPO ATACADAO FERRO E ACO    ;      ;25/1/24 19:47;        ;        
GRUPO ATAIDE MARTINS DE ARAUJO;      ;25/1/24 19:47;        ;        
GRUPO ATCO PLASTICOS          ;      ;25/1/24 19:47;        ;        
GRUPO ATLANTICO TERMINAIS     ;      ;25/1/24 19:47;        ;        
GRUPO AUTOBAMA TRANSPORTES    ;      ;25/1/24 19:47;        ;        
GRUPO AUTOLOG TRANSP          ;      ;25/1/24 19:47;        ;        
GRUPO AUTOMAQ                 ;      ;25/1/24 19:47;        ;        
GRUPO AVN TRANSPORTES         ;      ;25/1/24 19:47;        ;        
GRUPO AWA PETROLEO            ;      ;25/1/24 19:47;        ;        
GRUPO BADARO E CERQUEIRA      ;      ;25/1/24 19:47;        ;        
GRUPO BARGIARTH               ;      ;25/1/24 19:47;        ;        
GRUPO BELMAN                  ;      ;25/1/24 19:47;        ;        
GRUPO BENDO & CIA             ;      ;25/1/24 19:47;        ;        
GRUPO BERNECK                 ;      ;25/1/24 19:47;        ;        
GRUPO BERTOLIN TRANSPORTES    ;      ;25/1/24 19:47;        ;        
GRUPO BETANIA                 ;      ;25/1/24 19:47;        ;        
GRUPO BETTANIN                ;      ;25/1/24 19:47;        ;        
GRUPO BGP                     ;      ;25/1/24 19:47;        ;        
GRUPO BLUE                    ;      ;25/1/24 19:47;        ;        
GRUPO BO PAPER                ;      ;25/1/24 19:47;        ;        
GRUPO BOA SAFRA               ;      ;25/1/24 19:47;        ;        
GRUPO BORO TRANSPORTES        ;      ;25/1/24 19:47;        ;        
GRUPO BOXTOP DO BRASIL        ;      ;25/1/24 19:47;        ;        
GRUPO B-PROJECTS TRAN         ;      ;25/1/24 19:47;        ;        
GRUPO BRADO LOGISTICA         ;      ;25/1/24 19:47;        ;        
GRUPO BRAMETAL                ;      ;25/1/24 19:47;        ;        
GRUPO BRASKEM                 ;      ;25/1/24 19:47;        ;        
GRUPO BUN LOG SERVICOS LOGISTI;      ;25/1/24 19:47;        ;        
GRUPO BUNGE                   ;      ;25/1/24 19:47;        ;        
GRUPO BUZIN                   ;      ;25/1/24 19:47;        ;        
GRUPO BVC TRANSPORTES         ;      ;25/1/24 19:47;        ;        
GRUPO C E CARNEIRO DA SILVA CO;      ;25/1/24 19:47;        ;        
GRUPO C M COM DE MATERIAIS DE ;      ;25/1/24 19:47;        ;        
GRUPO CAL LEVE INDUSTRIA      ;      ;25/1/24 19:47;        ;        
GRUPO CAMIL                   ;      ;25/1/24 19:47;        ;        
GRUPO CAMPINENSE TRANSPORTE   ;      ;25/1/24 19:47;        ;        
GRUPO CANADIAN                ;      ;25/1/24 19:47;        ;        
GRUPO CAPISTRANO              ;      ;25/1/24 19:47;        ;        
GRUPO CARGILL                 ;      ;25/1/24 19:47;        ;        
GRUPO CARLOS RENATO DOS SANTOS;      ;25/1/24 19:47;        ;        
GRUPO CARMO E CARMO           ;      ;25/1/24 19:47;        ;        
GRUPO CARREFOUR               ;      ;25/1/24 19:47;        ;        
GRUPO CASA CENTRAL MAT CONSTR ;      ;25/1/24 19:47;        ;        
GRUPO CASA DO PEDREIRO        ;      ;25/1/24 19:47;        ;        
GRUPO CASA FERNANDES MAT CONST;      ;25/1/24 19:47;        ;        
GRUPO CASAS GUANABARA         ;      ;25/1/24 19:47;        ;        
GRUPO CBP INDUSTRIA BRASILEIRA;      ;25/1/24 19:47;        ;        
GRUPO CBP SUL COLCHOES E ESPUM;      ;25/1/24 19:47;        ;        
GRUPO CEA - DISTRIB. DE BEB. E;      ;25/1/24 19:47;        ;        
GRUPO CGL CASCATINHA C E INC S;      ;25/1/24 19:47;        ;        
GRUPO CIA BRASILEIRA DE DISTRI;      ;25/1/24 19:47;        ;        
GRUPO CIA INDUSTRIAL H CARLOS ;      ;25/1/24 19:47;        ;        
GRUPO CIA INDUSTRIAL H CARLOS ;      ;25/1/24 19:47;        ;        
GRUPO CIMENTO VERDE DO BRASIL ;      ;25/1/24 19:47;        ;        
GRUPO CLAUDIA EXCLUSIVE - CONS;      ;25/1/24 19:47;        ;        
GRUPO CLAUDINEI RIBEIRO DE ALM;      ;25/1/24 19:47;        ;        
GRUPO CLIENTE GENERICO        ;      ;25/1/24 19:47;        ;        
GRUPO CLIENTE NAO IDENTIFICADO;      ;25/1/24 19:47;        ;        
GRUPO COELHO E FILHO COMERCIAL;      ;25/1/24 19:47;        ;        
GRUPO COMERCIAL CIGAAX        ;      ;25/1/24 19:47;        ;        
GRUPO COMERCIAL ELETRICA SAO P;      ;25/1/24 19:47;        ;        
GRUPO COMERCIAL ESPERANCA ATAC;      ;25/1/24 19:47;        ;        
GRUPO COMERCIAL RODRIGUES E GA;      ;25/1/24 19:47;        ;        
GRUPO COMERCIAL SERRA DA PEDRA;      ;25/1/24 19:47;        ;        
GRUPO COMERCIO E TRANSPORTES N;      ;25/1/24 19:47;        ;        
GRUPO COMFRIO TRANSPORTES     ;      ;25/1/24 19:47;        ;        
GRUPO COML RAQUEL MAT CONSTR  ;      ;25/1/24 19:47;        ;        
GRUPO COML SILVEIRA MAT CONSTR;      ;25/1/24 19:47;        ;        
GRUPO COMPANHIA BRASILEIRA DE ;      ;25/1/24 19:47;        ;        
GRUPO COMPANHIA INTEGRADA TEXT;      ;25/1/24 19:47;        ;        
GRUPO COMPANHIA PETROQUIMICA  ;      ;25/1/24 19:47;        ;        
GRUPO COMTRASIL               ;      ;25/1/24 19:47;        ;        
GRUPO CONCESSIONARIA DO BLOCO ;      ;25/1/24 19:47;        ;        
GRUPO CONCESSIONARIA LITORAL N;      ;25/1/24 19:47;        ;        
GRUPO CONSORCIO FTS LINHA LEST;      ;25/1/24 19:47;        ;        
GRUPO CONSORCIO SAUDE CEARA   ;      ;25/1/24 19:47;        ;        
GRUPO CONSTRUCENTER PREDILETA ;      ;25/1/24 19:47;        ;        
GRUPO CONSTRUFREI             ;      ;25/1/24 19:47;        ;        
GRUPO CONSTRUMINAS            ;      ;25/1/24 19:47;        ;        
GRUPO CONSTRUROCHA            ;      ;25/1/24 19:47;        ;        
GRUPO CONSTRUTORA E INCORPORAD;      ;25/1/24 19:47;        ;        
GRUPO CONSTRUTORA ELEVACAO    ;      ;25/1/24 19:47;        ;        
GRUPO CONSTRUTORA RODRIGUES   ;      ;25/1/24 19:47;        ;        
GRUPO CONTRAIL LOGISTICA      ;      ;25/1/24 19:47;        ;        
GRUPO COOPERATIVA DA CONST C.D;      ;25/1/24 19:47;        ;        
GRUPO COOPERATIVA MISTA       ;      ;25/1/24 19:47;        ;        
GRUPO COOPERATIVA RURAIS DE MG;      ;25/1/24 19:47;        ;        
GRUPO COOPERAUTO              ;      ;25/1/24 19:47;        ;        
GRUPO COOPERCARGA             ;      ;25/1/24 19:47;        ;        
GRUPO COOPERVALE              ;      ;25/1/24 19:47;        ;        
GRUPO COSTA TEIXEIRA TRANSPORT;      ;25/1/24 19:47;        ;        
GRUPO CRESCO                  ;      ;25/1/24 19:47;        ;        
GRUPO CROMEX                  ;      ;25/1/24 19:47;        ;        
GRUPO D & N ENGENHARIA        ;      ;25/1/24 19:47;        ;        
GRUPO D1.RS - EMPREEND. E INCO;      ;25/1/24 19:47;        ;        
GRUPO DANIELA A F SILVA SUCATA;      ;25/1/24 19:47;        ;        
GRUPO DANONE                  ;      ;25/1/24 19:47;        ;        
GRUPO D'PAULA TRANSPORTADORA  ;      ;25/1/24 19:47;        ;        
GRUPO DEL POZO TRANSPORTES    ;      ;25/1/24 19:47;        ;        
GRUPO DELL AGNOLO E SOARES    ;      ;25/1/24 19:47;        ;        
GRUPO DEMA TRANSPORTES        ;      ;25/1/24 19:47;        ;        
GRUPO DEP MAT CONSTR CANAA    ;      ;25/1/24 19:47;        ;        
GRUPO DEP PEREIRA PRADO LTDA E;      ;25/1/24 19:47;        ;        
GRUPO DEPOSITO DE CONSTRUCAO D;      ;25/1/24 19:47;        ;        
GRUPO DERCIO HENRIQUE RODRIGUE;      ;25/1/24 19:47;        ;        
GRUPO DEXCO                   ;      ;25/1/24 19:47;        ;        
GRUPO D'GRANEL                ;      ;25/1/24 19:47;        ;        
GRUPO DIARC ENGENHARIA E PRE-F;      ;25/1/24 19:47;        ;        
GRUPO DIRECT EXPRESS          ;      ;25/1/24 19:47;        ;        
GRUPO DISTON                  ;      ;25/1/24 19:47;        ;        
GRUPO DISTRIBUIDORA DE FERROS ;      ;25/1/24 19:47;        ;        
GRUPO DONATELLO               ;      ;25/1/24 19:47;        ;        
GRUPO DSM PRODUTOS NUTRICIONAI;      ;25/1/24 19:47;        ;        
GRUPO DTL EXPRESSO E LOGISTICA;      ;25/1/24 19:47;        ;        
GRUPO DVALLE EMPREENDIMENTOS I;      ;25/1/24 19:47;        ;        
GRUPO E G A                   ;      ;25/1/24 19:47;        ;        
GRUPO E R MUNARIM TRANSPORTES ;      ;25/1/24 19:47;        ;        
GRUPO ECOFIBRA IND.E COM. COMP;      ;25/1/24 19:47;        ;        
GRUPO EDMA DE OLIVEIRA ROGAI  ;      ;25/1/24 19:47;        ;        
GRUPO EDP TRANSMISSAO ALIANCA ;      ;25/1/24 19:47;        ;        
GRUPO EDP TRANSMISSAO LITORAL ;      ;25/1/24 19:47;        ;        
GRUPO EDP TRANSMISSAO SP MG   ;      ;25/1/24 19:47;        ;        
GRUPO EFFICAX TRANSPORTES     ;      ;25/1/24 19:47;        ;        
GRUPO ELDORADO BRASIL         ;      ;25/1/24 19:47;        ;        
GRUPO ELGIN                   ;      ;25/1/24 19:47;        ;        
GRUPO EMBRASA                 ;      ;25/1/24 19:47;        ;        
GRUPO EMBRASATEC              ;      ;25/1/24 19:47;        ;        
GRUPO EMPORIO DA ILHA CONSERVA;      ;25/1/24 19:47;        ;        
GRUPO RODEIRO                 ;      ;25/1/24 19:47;        ;        
GRUPO EPEMA                   ;      ;25/1/24 19:47;        ;        
GRUPO ERALDO CONSTRUCOES      ;      ;25/1/24 19:47;        ;        
GRUPO ESDEVA                  ;      ;25/1/24 19:47;        ;        
GRUPO EST CONSTRUTORA E INCORP;      ;25/1/24 19:47;        ;        
GRUPO EVERTON TRANSPORTES     ;      ;25/1/24 19:47;        ;        
GRUPO EXPRESS VV TRANSP E LOG ;      ;25/1/24 19:47;        ;        
GRUPO EXPRESSO ALVORADA       ;      ;25/1/24 19:47;        ;        
GRUPO EXTRATIVA MINERAL       ;      ;25/1/24 19:47;        ;        
GRUPO FACCHINI                ;      ;25/1/24 19:47;        ;        
GRUPO FALCON LOGISTICA        ;      ;25/1/24 19:47;        ;        
GRUPO FAVAB                   ;      ;25/1/24 19:47;        ;        
GRUPO FERMAT                  ;      ;25/1/24 19:47;        ;        
GRUPO FERRAGENS PINHEIRO      ;      ;25/1/24 19:47;        ;        
GRUPO FERREIRA PINTO CONSTRUCO;      ;25/1/24 19:47;        ;        
GRUPO FERROCORTE INDUSTRIAL   ;      ;25/1/24 19:47;        ;        
GRUPO FERROS BONAMIGO         ;      ;25/1/24 19:47;        ;        
GRUPO FERTBRASIL              ;      ;25/1/24 19:47;        ;        
GRUPO FERTILIZANTES HERINGER  ;      ;25/1/24 19:47;        ;        
GRUPO FERTINTA                ;      ;25/1/24 19:47;        ;        
GRUPO FERTRAN TRANSPORTES LTDA;      ;25/1/24 19:47;        ;        
GRUPO FG 360 TRANSPORTES      ;      ;25/1/24 19:47;        ;        
GRUPO FJX TRANSPORTES         ;      ;25/1/24 19:47;        ;        
GRUPO FLEXPOL 360             ;      ;25/1/24 19:47;        ;        
GRUPO FM LOG. DO B. OPER. DE L;      ;25/1/24 19:47;        ;        
GRUPO FONTANELLA TRANSPORTES  ;      ;25/1/24 19:47;        ;        
GRUPO FRANCIMAR F RODRIGUES   ;      ;25/1/24 19:47;        ;        
GRUPO FRANCISCA R P DA C COML ;      ;25/1/24 19:47;        ;        
GRUPO FRANCOFER I. I. E E. DE ;      ;25/1/24 19:47;        ;        
GRUPO FRED EMPREENDIMENTOS TRA;      ;25/1/24 19:47;        ;        
GRUPO FWAS COMERCIO VAREJISTA ;      ;25/1/24 19:47;        ;        
GRUPO G CEZARIO DE CARVALHO   ;      ;25/1/24 19:47;        ;        
GRUPO GENERAL MILLS BRASIL ALI;      ;25/1/24 19:47;        ;        
GRUPO GENTIL CONST. E INCORP. ;      ;25/1/24 19:47;        ;        
GRUPO GERALDO ALVES REIS      ;      ;25/1/24 19:47;        ;        
GRUPO GESCRAP AUTOMETAL       ;      ;25/1/24 19:47;        ;        
GRUPO GESSI SIQUEIRA LIBORIO  ;      ;25/1/24 19:47;        ;        
GRUPO GO SERV TRANSPORTES     ;      ;25/1/24 19:47;        ;        
GRUPO GRAMPAC                 ;      ;25/1/24 19:47;        ;        
GRUPO GRECO E GUERREIRO       ;      ;25/1/24 19:47;        ;        
GRUPO GREIF EMBALAGENS        ;      ;25/1/24 19:47;        ;        
GRUPO GROSSI TRANSPORTES      ;      ;25/1/24 19:47;        ;        
GRUPO GS CONSTRUCOES          ;      ;25/1/24 19:47;        ;        
GRUPO GUARARAPES PAINEIS      ;      ;25/1/24 19:47;        ;        
GRUPO GURGELMIX               ;      ;25/1/24 19:47;        ;        
GRUPO GYPSUM MINERACAO        ;      ;25/1/24 19:47;        ;        
GRUPO H I TRANSPORTES         ;      ;25/1/24 19:47;        ;        
GRUPO HELIO RUBENS RAMOS DA SI;      ;25/1/24 19:47;        ;        
GRUPO HOJE PROJETOS E OBRAS   ;      ;25/1/24 19:47;        ;        
GRUPO HTK LOGISTICA           ;      ;25/1/24 19:47;        ;        
GRUPO HUBNER & NASCIMENTO     ;      ;25/1/24 19:47;        ;        
GRUPO I&M PAPEIS E EMBALAGENS ;      ;25/1/24 19:47;        ;        
GRUPO I. G. TRANSMISSAO       ;      ;25/1/24 19:47;        ;        
GRUPO I.V.L. INDUSTRIAS       ;      ;25/1/24 19:47;        ;        
GRUPO IBEMA CIA BRASILEIRA DE ;      ;25/1/24 19:47;        ;        
GRUPO IBOR TRANSPORTE         ;      ;25/1/24 19:47;        ;        
GRUPO IDEAL LOGISTICA LTDA    ;      ;25/1/24 19:47;        ;        
GRUPO IGB-IND. GRAFICA BRASILE;      ;25/1/24 19:47;        ;        
GRUPO IMERYS                  ;      ;25/1/24 19:47;        ;        
GRUPO IMPACTOS EMPREENDIMENTOS;      ;25/1/24 19:47;        ;        
GRUPO IND ALIMENTICIAS MARATA ;      ;25/1/24 19:47;        ;        
GRUPO IND. CARBONIFERA RIO DES;      ;25/1/24 19:47;        ;        
GRUPO IND. E COM DE ART. DE CO;      ;25/1/24 19:47;        ;        
GRUPO INDAIAL PAPEL EMBALAGENS;      ;25/1/24 19:47;        ;        
GRUPO INDUSTRIA E COMERCIO DE ;      ;25/1/24 19:47;        ;        
GRUPO INDUSTRIA SANTA CLARA   ;      ;25/1/24 19:47;        ;        
GRUPO INDUSTRIAS REUNIDAS     ;      ;25/1/24 19:47;        ;        
GRUPO INNOVACARB              ;      ;25/1/24 19:47;        ;        
GRUPO IPEX CONST.E NEGOCIOS IM;      ;25/1/24 19:47;        ;        
GRUPO IRIEMA ROSA DOS SANTOS  ;      ;25/1/24 19:47;        ;        
GRUPO IRMAOS CORBELLI         ;      ;25/1/24 19:47;        ;        
GRUPO IRMAOS ROGAI MAT. CONSTR;      ;25/1/24 19:47;        ;        
GRUPO ITABRITA  BRITADORA     ;      ;25/1/24 19:47;        ;        
GRUPO ITALAC                  ;      ;25/1/24 19:47;        ;        
GRUPO ITAMBE                  ;      ;25/1/24 19:47;        ;        
GRUPO ITAUEIRA                ;      ;25/1/24 19:47;        ;        
GRUPO J DA CUNHA UCHOA        ;      ;25/1/24 19:47;        ;        
GRUPO J E D COM MAT CONSTR    ;      ;25/1/24 19:47;        ;        
GRUPO J L C ABRAHAO           ;      ;25/1/24 19:47;        ;        
GRUPO J M SOUSA LEAL          ;      ;25/1/24 19:47;        ;        
GRUPO J MACEDO                ;      ;25/1/24 19:47;        ;        
GRUPO JACKSON MORINE MENDONCA ;      ;25/1/24 19:47;        ;        
GRUPO JANIO AREDES DE OLIVEIRA;      ;25/1/24 19:47;        ;        
GRUPO JAV INDUSTRIA DE ALIMENT;      ;25/1/24 19:47;        ;        
GRUPO JEA INDUSTRIA METALURGIC;      ;25/1/24 19:47;        ;        
GRUPO JIVA MAT DE CONSTRUCOES ;      ;25/1/24 19:47;        ;        
GRUPO JJI IMPORTACAO          ;      ;25/1/24 19:47;        ;        
GRUPO JL DOS REIS             ;      ;25/1/24 19:47;        ;        
GRUPO JNA AMBIENTAL           ;      ;25/1/24 19:47;        ;        
GRUPO JOANNE C. SERRA DA SILVA;      ;25/1/24 19:47;        ;        
GRUPO JOAO DE CESARIO MATERIAI;      ;25/1/24 19:47;        ;        
GRUPO JOELITON GERONIMO JERONI;      ;25/1/24 19:47;        ;        
GRUPO JOLAZ TRANSPORTES       ;      ;25/1/24 19:47;        ;        
GRUPO JOLEMI COM. DE PROD ALIM;      ;25/1/24 19:47;        ;        
GRUPO JOMINI LOGISTICA        ;      ;25/1/24 19:47;        ;        
GRUPO JOSE VALTER SILVA DE ALM;      ;25/1/24 19:47;        ;        
GRUPO JS LOGISTICA            ;      ;25/1/24 19:47;        ;        
GRUPO JSC ENGENHARIA          ;      ;25/1/24 19:47;        ;        
GRUPO JSL                     ;      ;25/1/24 19:47;        ;        
GRUPO JUNIOR MAT CONSTR       ;      ;25/1/24 19:47;        ;        
GRUPO JUSILANE TEIXEIRA MENDES;      ;25/1/24 19:47;        ;        
GRUPO K P R RODAN             ;      ;25/1/24 19:47;        ;        
GRUPO K&G IND E COM           ;      ;25/1/24 19:47;        ;        
GRUPO KADA CONST. E INCORP.   ;      ;25/1/24 19:47;        ;        
GRUPO KAIZEN LOGISTICA        ;      ;25/1/24 19:47;        ;        
GRUPO KARINA IND COM DE PLASTI;      ;25/1/24 19:47;        ;        
GRUPO KFX COM. DE PLASTICOS   ;      ;25/1/24 19:47;        ;        
GRUPO KINGSPAN                ;      ;25/1/24 19:47;        ;        
GRUPO KLABIN                  ;      ;25/1/24 19:47;        ;        
GRUPO KMAIS                   ;      ;25/1/24 19:47;        ;        
GRUPO KOMPLETO                ;      ;25/1/24 19:47;        ;        
GRUPO KOTAR                   ;      ;25/1/24 19:47;        ;        
GRUPO KS SERVICES             ;      ;25/1/24 19:47;        ;        
GRUPO L J DE BRITO            ;      ;25/1/24 19:47;        ;        
GRUPO L. L. TRANSPORTES       ;      ;25/1/24 19:47;        ;        
GRUPO L4B LOGISTICA           ;      ;25/1/24 19:47;        ;        
GRUPO LA NONNA DI LUCCA COMERC;      ;25/1/24 19:47;        ;        
GRUPO LABORSAN                ;      ;25/1/24 19:47;        ;        
GRUPO LAFARGEHOCLIM           ;      ;25/1/24 19:47;        ;        
GRUPO LAFORMA COMERCIO        ;      ;25/1/24 19:47;        ;        
GRUPO LAJES PATAGONIA         ;      ;25/1/24 19:47;        ;        
GRUPO LARISSA STEFANIA RODRIGU;      ;25/1/24 19:47;        ;        
GRUPO LENARGE TRANSPORTES E SE;      ;25/1/24 19:47;        ;        
GRUPO LJ COMERCIO DE RECICLAGE;      ;25/1/24 19:47;        ;        
GRUPO LOJAS AMERICANAS        ;      ;25/1/24 19:47;        ;        
GRUPO LORENFER                ;      ;25/1/24 19:47;        ;        
GRUPO LR TRANSPORTES          ;      ;25/1/24 19:47;        ;        
GRUPO LUCIO CESAR ABRAAO DO NA;      ;25/1/24 19:47;        ;        
GRUPO M C R FERNANDES - ME    ;      ;25/1/24 19:47;        ;        
GRUPO M DIAS                  ;      ;25/1/24 19:47;        ;        
GRUPO M O SARTORE REFEICOES   ;      ;25/1/24 19:47;        ;        
GRUPO M QUEIROZ MONTEIRO      ;      ;25/1/24 19:47;        ;        
GRUPO M V R MAT CONSTR        ;      ;25/1/24 19:47;        ;        
GRUPO M.C. FARHAT TRANSPORTES ;      ;25/1/24 19:47;        ;        
GRUPO MACON COMERCIO DE MATERI;      ;25/1/24 19:47;        ;        
GRUPO MAGA EMP. IMOBILIARIOS  ;      ;25/1/24 19:47;        ;        
GRUPO MAGAZINE LUIZA          ;      ;25/1/24 19:47;        ;        
GRUPO MAMAO DISTRIBUIDORA     ;      ;25/1/24 19:47;        ;        
GRUPO MANUFAT                 ;      ;25/1/24 19:47;        ;        
GRUPO MAQTRON                 ;      ;25/1/24 19:47;        ;        
GRUPO MARATA IND DE EMBALAGENS;      ;25/1/24 19:47;        ;        
GRUPO MARATA SUCOS DO NORDESTE;      ;25/1/24 19:47;        ;        
GRUPO MARCAN MAT CONSTR       ;      ;25/1/24 19:47;        ;        
GRUPO MARCELO MARTINS LENK    ;      ;25/1/24 19:47;        ;        
GRUPO MARCIANA PEREIRA MAGALHA;      ;25/1/24 19:47;        ;        
GRUPO MARCIO AMBROSIO RODRIGUE;      ;25/1/24 19:47;        ;        
GRUPO MARIA LUCIANE GOUDIM ARE;      ;25/1/24 19:47;        ;        
GRUPO MARQUES BRAGA COSNTRUCAO;      ;25/1/24 19:47;        ;        
GRUPO MARS                    ;      ;25/1/24 19:47;        ;        
GRUPO MASTER CONSTRUTORA E INC;      ;25/1/24 19:47;        ;        
GRUPO MATERIAIS DE CONSTRUCAO ;      ;25/1/24 19:47;        ;        
GRUPO MATEUS SUPERMERCADOS    ;      ;25/1/24 19:47;        ;        
GRUPO MB TRANSPORTES          ;      ;25/1/24 19:47;        ;        
GRUPO MD TINTAS               ;      ;25/1/24 19:47;        ;        
GRUPO MEIA PRAIA EMPREEND IMOB;      ;25/1/24 19:47;        ;        
GRUPO MENDES & KOCH LTDA      ;      ;25/1/24 19:47;        ;        
GRUPO MERCADINHO EXPRESSO LTDA;      ;25/1/24 19:47;        ;        
GRUPO MERCADO REMAX           ;      ;25/1/24 19:47;        ;        
GRUPO MERCANTIL NOVA ERA      ;      ;25/1/24 19:47;        ;        
GRUPO METALLI ACOS ESPECIAIS  ;      ;25/1/24 19:47;        ;        
GRUPO METALURGICA SAV         ;      ;25/1/24 19:47;        ;        
GRUPO METTA EQUIPAMENTOS      ;      ;25/1/24 19:47;        ;        
GRUPO MILA TRANSPORTES        ;      ;25/1/24 19:47;        ;        
